{
  "method": "K-Means",
  "optimal_k": 4,
  "optimization": {
    "silhouette_score": 0.14737977921637996,
    "calinski_score": 2436.1369921358837,
    "davies_bouldin_score": 2.2020851183859262,
    "wcss": 380417.6872596025,
    "optimal_k_silhouette": 3,
    "optimal_k_elbow": 3,
    "optimal_k_db": 5,
    "optimal_k_gap": 2
  },
  "cluster_profiles": [
    {
      "cluster_id": 0,
      "size": 2170,
      "age_imputed_mean": 55.0,
      "age_imputed_median": 55.0,
      "income_imputed_mean": 64000.0,
      "income_imputed_median": 64000.0,
      "tenure_months_mean": 15.863737381689141,
      "tenure_months_median": 11.826544021024969,
      "trans_count_mean": 6.873271889400922,
      "trans_count_median": 6.0,
      "trans_avg_mean": 2.6438428635775155,
      "trans_avg_median": 2.2152777777777777,
      "trans_total_mean": 18.534728110599076,
      "trans_total_median": 14.855,
      "offers_received_mean": 4.493087557603687,
      "offers_received_median": 5.0,
      "offers_viewed_mean": 3.613364055299539,
      "offers_viewed_median": 4.0,
      "offers_completed_mean": 0.5133640552995392,
      "offers_completed_median": 0.0,
      "view_rate_mean": 0.8064900153609831,
      "view_rate_median": 0.8333333333333334,
      "completion_rate_mean": 0.11387864823348695,
      "completion_rate_median": 0.0,
      "bogo_completion_rate_mean": 0.09326420890937019,
      "bogo_completion_rate_median": 0.0,
      "discount_completion_rate_mean": 0.15775729646697387,
      "discount_completion_rate_median": 0.0,
      "gender_M_pct": 0.0,
      "gender_F_pct": 0.0,
      "gender_O_pct": 0.0,
      "gender_Unknown_pct": 1.0
    },
    {
      "cluster_id": 1,
      "size": 4228,
      "age_imputed_mean": 55.60312204351939,
      "age_imputed_median": 57.0,
      "income_imputed_mean": 68345.3169347209,
      "income_imputed_median": 68000.0,
      "tenure_months_mean": 20.376149802890932,
      "tenure_months_median": 18.36399474375821,
      "trans_count_mean": 10.266792809839167,
      "trans_count_median": 9.0,
      "trans_avg_mean": 17.319379595396242,
      "trans_avg_median": 16.989285714285714,
      "trans_total_mean": 152.49801324503312,
      "trans_total_median": 131.12,
      "offers_received_mean": 4.664143803216651,
      "offers_received_median": 5.0,
      "offers_viewed_mean": 3.6248817407757805,
      "offers_viewed_median": 4.0,
      "offers_completed_mean": 3.2017502365184485,
      "offers_completed_median": 3.0,
      "view_rate_mean": 0.7811376537369915,
      "view_rate_median": 0.8,
      "completion_rate_mean": 0.697165720592873,
      "completion_rate_median": 0.6666666666666666,
      "bogo_completion_rate_mean": 0.559957426679281,
      "bogo_completion_rate_median": 0.6666666666666666,
      "discount_completion_rate_mean": 0.8924314096499526,
      "discount_completion_rate_median": 1.0,
      "gender_M_pct": 0.531929990539262,
      "gender_F_pct": 0.4522232734153264,
      "gender_O_pct": 0.014900662251655629,
      "gender_Unknown_pct": 0.000946073793755913
    },
    {
      "cluster_id": 2,
      "size": 4837,
      "age_imputed_mean": 57.04858383295431,
      "age_imputed_median": 57.0,
      "income_imputed_mean": 72368.41017159396,
      "income_imputed_median": 72000.0,
      "tenure_months_mean": 19.289216092445525,
      "tenure_months_median": 17.21419185282523,
      "trans_count_mean": 9.4103783336779,
      "trans_count_median": 9.0,
      "trans_avg_mean": 21.70220270574361,
      "trans_avg_median": 18.78529411764706,
      "trans_total_mean": 180.8049886293157,
      "trans_total_median": 145.91,
      "offers_received_mean": 4.608848459789125,
      "offers_received_median": 5.0,
      "offers_viewed_mean": 3.774653710977879,
      "offers_viewed_median": 4.0,
      "offers_completed_mean": 3.214595823857763,
      "offers_completed_median": 3.0,
      "view_rate_mean": 0.8242126662531872,
      "view_rate_median": 0.8333333333333334,
      "completion_rate_mean": 0.7085521328647233,
      "completion_rate_median": 0.75,
      "bogo_completion_rate_mean": 0.8713906691475433,
      "bogo_completion_rate_median": 1.0,
      "discount_completion_rate_mean": 0.725139549307422,
      "discount_completion_rate_median": 1.0,
      "gender_M_pct": 0.4436634277444697,
      "gender_F_pct": 0.5395906553648956,
      "gender_O_pct": 0.016539177175935497,
      "gender_Unknown_pct": 0.0002067397146991937
    },
    {
      "cluster_id": 3,
      "size": 5765,
      "age_imputed_mean": 51.279271465741544,
      "age_imputed_median": 52.0,
      "income_imputed_mean": 57404.85689505637,
      "income_imputed_median": 55000.0,
      "tenure_months_mean": 13.02802607150631,
      "tenure_months_median": 8.377135348226018,
      "trans_count_mean": 6.090546400693842,
      "trans_count_median": 5.0,
      "trans_avg_mean": 7.433549666526641,
      "trans_avg_median": 3.483333333333333,
      "trans_total_mean": 37.4529540329575,
      "trans_total_median": 23.77,
      "offers_received_mean": 4.252211621856028,
      "offers_received_median": 4.0,
      "offers_viewed_mean": 2.8274067649609713,
      "offers_viewed_median": 3.0,
      "offers_completed_mean": 0.5861231569817866,
      "offers_completed_median": 1.0,
      "view_rate_mean": 0.673460537727667,
      "view_rate_median": 0.6666666666666666,
      "completion_rate_mean": 0.14823070251517778,
      "completion_rate_median": 0.1666666666666666,
      "bogo_completion_rate_mean": 0.1558167100318011,
      "bogo_completion_rate_median": 0.0,
      "discount_completion_rate_mean": 0.1946313963573287,
      "discount_completion_rate_median": 0.0,
      "gender_M_pct": 0.7092801387684302,
      "gender_F_pct": 0.2787510841283608,
      "gender_O_pct": 0.01196877710320902,
      "gender_Unknown_pct": 0.0
    }
  ],
  "stability": {
    "mean_ari": 0.756186193346558,
    "std_ari": 0.19443097712844792,
    "min_ari": 0.5960013604832268,
    "interpretation": "Moderately stable - most clusters are consistent"
  },
  "business_metrics": [
    {
      "cluster_id": 0,
      "size": 2170,
      "pct_of_total": 0.12764705882352942,
      "revenue_per_customer": 18.534728110599076,
      "total_reward_cost_per_customer": 0.0,
      "offer_roi": 999.0,
      "avg_view_rate": 0.8064900153609831,
      "avg_completion_rate": 0.11387864823348695,
      "avg_trans_count": 6.873271889400922,
      "churn_risk_proxy": 0
    },
    {
      "cluster_id": 1,
      "size": 4228,
      "pct_of_total": 0.24870588235294117,
      "revenue_per_customer": 152.49801324503312,
      "total_reward_cost_per_customer": 0.0,
      "offer_roi": 999.0,
      "avg_view_rate": 0.7811376537369915,
      "avg_completion_rate": 0.697165720592873,
      "avg_trans_count": 10.266792809839167,
      "churn_risk_proxy": 0
    },
    {
      "cluster_id": 2,
      "size": 4837,
      "pct_of_total": 0.28452941176470586,
      "revenue_per_customer": 180.8049886293157,
      "total_reward_cost_per_customer": 0.0,
      "offer_roi": 999.0,
      "avg_view_rate": 0.8242126662531872,
      "avg_completion_rate": 0.7085521328647233,
      "avg_trans_count": 9.4103783336779,
      "churn_risk_proxy": 0
    },
    {
      "cluster_id": 3,
      "size": 5765,
      "pct_of_total": 0.3391176470588235,
      "revenue_per_customer": 37.4529540329575,
      "total_reward_cost_per_customer": 0.0,
      "offer_roi": 999.0,
      "avg_view_rate": 0.673460537727667,
      "avg_completion_rate": 0.14823070251517778,
      "avg_trans_count": 6.090546400693842,
      "churn_risk_proxy": 0
    }
  ],
  "segment_narratives": {
    "cluster_0": {
      "cluster_id": 0,
      "segment_name": "Low-Engagement Customers",
      "segment_type": "low_engagement",
      "size": 2170,
      "pct_of_total": 0.12764705882352942,
      "description": "Customers with low view and completion rates, low spending, and minimal offer interaction. Highest churn risk.",
      "key_characteristics": {
        "age": 55.0,